MESS_ARCHIVE_StaffRoll


Message Name: Message


MID_ED_戦: $a$a0戦
MID_ED_勝: $a$a0勝
MID_ED_ファイアーエムブレム: FIRE EMBLEM
MID_ED_Producer: Producer
MID_ED_Director: Director
MID_ED_Directors: Directors
MID_ED_GameDesign&LeadPlanning: Game Design\n&\nLead Planning
MID_ED_Planning: Planning
MID_ED_MainProgramming: Main Programming
MID_ED_BattleProgramming: Battle Programming
MID_ED_UIProgramming: UI Programming
MID_ED_NetworkProgramming: Network Programming
MID_ED_DungeonMode&WorldMapProgramming: Dungeon Mode\n&\nWorld Map Programming
MID_ED_AdventureModeProgramming: Adventure Mode\n   Programming
MID_ED_ToolSupport: Tool Support
MID_ED_EventScript: Event Script
MID_ED_AdditionalProgramming: Additional Programming
MID_ED_CharacterDesign&Illustration: Character Design\n&\nIllustration
MID_ED_GraphicDesignSupervisor: Graphic Design Supervisor
MID_ED_UnitDesign: Unit Design
MID_ED_SpriteDesign: Sprite Design
MID_ED_BattleMapDesign: Battle Map Design
MID_ED_AdventureModeArt: Adventure Mode Art
MID_ED_DungeonModeArt: Dungeon Mode Art
MID_ED_UnitModeling&Setup: Unit Modeling & Setup
MID_ED_AnimationDirector: Animation Director
MID_ED_Animation: Animation
MID_ED_UIDesign: UI Design
MID_ED_EffectArt: Effect Art
MID_ED_WeaponModeling: Weapon Modeling
MID_ED_CharacterIllustration: Character Illustration
MID_ED_IllustrationManagement: Illustration Management
MID_ED_WorldMapArt: World Map Art
MID_ED_EventIllustration: Event Illustration
MID_ED_EventIllustration&EffectArtProducer: Event Illustration\n&\nEffect Art Producer
MID_ED_EventIllustration&EffectArtAssistantProducer: Event Illustration\n&\nEffect Art Assistant Producer
MID_ED_EventIllustration&EffectArtProductionCoordinator: Event Illustration\n&\nEffect Art Production Coordinator
MID_ED_AdditionalArt: Additional Art
MID_ED_Scenario&VoiceText: Scenario & Voice Text
MID_ED_SoundDirector&LeadMusicComposition: Sound Director\n&\nLead Music Composition
MID_ED_MusicComposition: Music Composition
MID_ED_SoundEffects: Sound Effects
MID_ED_FMVSoundEffects: FMV Sound Effects
MID_ED_SoundSupport: Sound Support
MID_ED_PerformingMusic: Performing Music
MID_ED_InstrumentalRecording&Editing: Instrumental Recording\n&\nEditing
MID_ED_VoiceRecording&Editing: Voice Recording\n&\nEditing
MID_ED_SoundSupervisor: Sound Supervisor
MID_ED_VoiceCast: Voice Cast
MID_ED_Storyboards: Storyboards
MID_ED_AnimationDirector&CharacterDesign: Animation Director\n&\nCharacter Design
MID_ED_ModelingDirector&LeadModeling: Modeling Director\n&\nLead Modeling
MID_ED_ModelingDirectionAssistant: Modeling Direction Assistant
MID_ED_Setup: Setup
MID_ED_AssistantSetup: Assistant Setup
MID_ED_LeadAnimation: Lead Animation
MID_ED_Rendering: Rendering
MID_ED_DirectorofPhotography: Director of Photography
MID_ED_Cinematograph: Cinematograph
MID_ED_Programming: Programming
MID_ED_PipelineTools: Pipeline Tools
MID_ED_SystemAdministrator: System Administrator
MID_ED_LeadModeling: Lead Modeling
MID_ED_Modeling: Modeling
MID_ED_ComputerGraphicsDirectors: Computer Graphics Directors
MID_ED_ProductionCoordinator: Production Coordinator
MID_ED_ComputerGraphicsDirector: Computer Graphics Director
MID_ED_LineProducers: Line Producers
MID_ED_LineProducer: Line Producer
MID_ED_Coordination: Coordination
MID_ED_Publicity: Publicity
MID_ED_Artwork: Artwork
MID_ED_ManualEditing: Manual Editing
MID_ED_TechnicalSupport: Technical Support
MID_ED_Debug: Debug
MID_ED_SpecialThanks: Special Thanks
MID_ED_GeneralProducer: General Producer
MID_ED_ExecutiveProducer: Executive Producer
MID_ED_Rigging: Rigging
MID_ED_KeyAnimation: Key Animation
MID_ED_DigitalKeyAnimation: Digital Key Animation
MID_ED_In-BetweenAnimationCheck: In-Between Animation Check
MID_ED_In-BetweenAnimation: In-Between Animation
MID_ED_ColorGrading&ColorCoordination: Color Grading\n&\nColor Coordination
MID_ED_Clean-upAnimation: Clean-up Animation
MID_ED_ArtDirector: Art Director
MID_ED_BackgroundArt: Background Art
MID_ED_ProductionDesk: Production Desk
MID_ED_ProductionManagement: Production Management
MID_ED_AnimationProducedby: Animation Produced by
MID_ED_DirectedandEditedby: Directed and Edited by
MID_ED_MasahiroHiguchi: Masahiro Higuchi
MID_ED_ToshiyukiKusakihara: Toshiyuki Kusakihara
MID_ED_TakafumiKaneko: Takafumi Kaneko
MID_ED_HiromiTanaka: Hiromi Tanaka
MID_ED_HidemiYamaguchi: Hidemi Yamaguchi
MID_ED_NaohiroYasuhara: Naohiro Yasuhara
MID_ED_RyuichiroKouguchi: Ryuichiro Kouguchi
MID_ED_SusumuIshihara: Susumu Ishihara
MID_ED_YuyaIshii: Yuya Ishii
MID_ED_YusukeMurakami: Yusuke Murakami
MID_ED_MisuzuYoshida: Misuzu Yoshida
MID_ED_TomohiroTabata: Tomohiro Tabata
MID_ED_ShioriMinari: Shiori Minari
MID_ED_JunkoTanaka: Junko Tanaka
MID_ED_KanakoHiroi: Kanako Hiroi
MID_ED_TomohiroOzawa: Tomohiro Ozawa
MID_ED_TakafumiTeraoka: Takafumi Teraoka
MID_ED_KeiMatsubara: Kei Matsubara
MID_ED_KoichiroYamada: Koichiro Yamada
MID_ED_PaulPatrashcu: Paul Patrashcu
MID_ED_ToshitakaMuramatsu: Toshitaka Muramatsu
MID_ED_ShigekiOsaka: Shigeki Osaka
MID_ED_TsutomuTei: Tsutomu Tei
MID_ED_MisatoUkai: Misato Ukai
MID_ED_MakotoOnogi: Makoto Onogi
MID_ED_SatoshiMizushima: Satoshi Mizushima
MID_ED_YukieKuwa: Yukie Kuwa
MID_ED_KuniyoshiTanaka: Kuniyoshi Tanaka
MID_ED_KanaTsukiyama: Kana Tsukiyama
MID_ED_MaoYamanaka: Mao Yamanaka
MID_ED_ChieYamamoto: Chie Yamamoto
MID_ED_ShioeOhashi: Shioe Ohashi
MID_ED_YutaMorikawa: Yuta Morikawa
MID_ED_SatokoKurihara: Satoko Kurihara
MID_ED_TakeruKanazaki: Takeru Kanazaki
MID_ED_YasuhisaBaba: Yasuhisa Baba
MID_ED_ShohMurakami: Shoh Murakami
MID_ED_DaichiAoki: Daichi Aoki
MID_ED_MasanobuMatsunaga: Masanobu Matsunaga
MID_ED_YoshitoSekigawa: Yoshito Sekigawa
MID_ED_HirokiMorishita: Hiroki Morishita
MID_ED_KazukiKomai: Kazuki Komai
MID_ED_KenjiYamada: Kenji Yamada
MID_ED_TsubasaHamano: Tsubasa Hamano
MID_ED_TsutomuKitanishi: Tsutomu Kitanishi
MID_ED_DaisukeNakajima: Daisuke Nakajima
MID_ED_YusukeKitanishi: Yusuke Kitanishi
MID_ED_TakashiAkiyama: Takashi Akiyama
MID_ED_KenichiNishimaki: Kenichi Nishimaki
MID_ED_KouheiMaeda: Kouhei Maeda
MID_ED_YujiOhashi: Yuji Ohashi
MID_ED_YusukeShibata: Yusuke Shibata
MID_ED_MaiKusakihara: Mai Kusakihara
MID_ED_SoAraya: So Araya
MID_ED_TohruNarihiro: Tohru Narihiro
MID_ED_ToshiyukiNakamura: Toshiyuki Nakamura
MID_ED_ShinyaTakahashi: Shinya Takahashi
MID_ED_HitoshiYamagami: Hitoshi Yamagami
MID_ED_KentaNakanishi: Kenta Nakanishi
MID_ED_GenkiYokota: Genki Yokota
MID_ED_Hidari: Hidari
MID_ED_TakayasuMorisawa: Takayasu Morisawa
MID_ED_MasaakiMatsumoto: Masaaki Matsumoto
MID_ED_YuFunakoshi: Yu Funakoshi
MID_ED_MaiIkura: Mai Ikura
MID_ED_KosukeKurita: Kosuke Kurita
MID_ED_SoshiTakatsu: Soshi Takatsu
MID_ED_TetsuyaIwabuchi: Tetsuya Iwabuchi
MID_ED_KenjiItsuno: Kenji Itsuno
MID_ED_YasutomoSuzuki: Yasutomo Suzuki
MID_ED_YuzukoBanbara: Yuzuko Banbara
MID_ED_MayuTsukano: Mayu Tsukano
MID_ED_TomokatsuTsukamoto: Tomokatsu Tsukamoto
MID_ED_YukeiUno: Yukei Uno
MID_ED_MitsuruMinami: Mitsuru Minami
MID_ED_HisaoFuke: Hisao Fuke
MID_ED_ChizukoKusakabe: Chizuko Kusakabe
MID_ED_SaraAtsuchi: Sara Atsuchi
MID_ED_AiYonekura: Ai Yonekura
MID_ED_YoshitakaTanigawa: Yoshitaka Tanigawa
MID_ED_MichiyoHamada: Michiyo Hamada
MID_ED_MasahiroTakashima: Masahiro Takashima
MID_ED_TakafumiWada: Takafumi Wada
MID_ED_YojiSugiyama: Yoji Sugiyama
MID_ED_RyosukeKawasaki: Ryosuke Kawasaki
MID_ED_TakanariOyama: Takanari Oyama
MID_ED_BungoFujiwara: Bungo Fujiwara
MID_ED_HitomiMatsuki: Hitomi Matsuki
MID_ED_AyakaTominaga: Ayaka Tominaga
MID_ED_JunpeiIkawa: Junpei Ikawa
MID_ED_TakashiShinbori: Takashi Shinbori
MID_ED_EriSakurai: Eri Sakurai
MID_ED_YukaTsujiyoko: Yuka Tsujiyoko
MID_ED_KazuyoshiKatayama: Kazuyoshi Katayama
MID_ED_DaisukeOnitsuka: Daisuke Onitsuka
MID_ED_YumiIkeda: Yumi Ikeda
MID_ED_IsseiKoda: Issei Koda
MID_ED_HironobuMutou: Hironobu Mutou
MID_ED_TakashiSeki: Takashi Seki
MID_ED_MuneatsuHayashida: Muneatsu Hayashida
MID_ED_KaoruSakaki: Kaoru Sakaki
MID_ED_HumihiroShikano: Humihiro Shikano
MID_ED_TsubasaTakabe: Tsubasa Takabe
MID_ED_KiyoshiAkimoto: Kiyoshi Akimoto
MID_ED_YuukiTajima: Yuuki Tajima
MID_ED_TakumiShigyo: Takumi Shigyo
MID_ED_KiwamuYamauchi: Kiwamu Yamauchi
MID_ED_YoshikazuNakama: Yoshikazu Nakama
MID_ED_MasanoriIwasato: Masanori Iwasato
MID_ED_YukiKawahara: Yuki Kawahara
MID_ED_ShougoTurii: Shogo Tsurii
MID_ED_HiroshiSakamoto: Hiroshi Sakamoto
MID_ED_ShunsukeKumagai: Shunsuke Kumagai
MID_ED_HiroyukiSugibayashi: Hiroyuki Sugibayashi
MID_ED_AkihiroItiou: Akihiro Itiou
MID_ED_HirotoKugai: Hiroto Kugai
MID_ED_NanaeHirabayashi: Nanae Hirabayashi
MID_ED_ToyotokuYamada: Toyotoku Yamada
MID_ED_KazukiUrabayashi: Kazuki Urabayashi
MID_ED_SusumuMasuuchi: Susumu Masuuchi
MID_ED_HiroshiChiyama: Hiroshi Chiyama
MID_ED_HiroyukiTakano: Hiroyuki Takano
MID_ED_KeisukeTakada: Keisuke Takada
MID_ED_KeiYosikuni: Kei Yoshikuni
MID_ED_YumikoKubo: Yumiko Kubo
MID_ED_MasatoshiIto: Masatoshi Ito
MID_ED_KayoNakayama: Kayo Nakayama
MID_ED_KangoHokama: Kango Hokama
MID_ED_MasashiKokubo: Masashi Kokubo
MID_ED_JinhyunJun: Jinhyun Jun
MID_ED_HisashiKakizaki: Hisashi Kakizaki
MID_ED_ErikoYoshida: Eriko Yoshida
MID_ED_DaisukeOoyabu: Daisuke Ooyabu
MID_ED_ChinoShohe: Chino Shohe
MID_ED_MiyukiWakai: Miyuki Wakai
MID_ED_KoichiAshizawa: Koichi Ashizawa
MID_ED_RirinaKobayashi: Ririna Kobayashi
MID_ED_AtukiKitamura: Atsuki Kitamura
MID_ED_ToguchiKenichi: Kenichi Toguchi
MID_ED_TomariSatoru: Satoru Tomari
MID_ED_NakamuraTetsu: Tetsu Nakamura
MID_ED_KanieTakamasa: Takamasa Kanie
MID_ED_AkamineChotei: Chotei Akamine
MID_ED_TairaHajime: Hajime Taira
MID_ED_KubaYuji: Yuji Kuba
MID_ED_IwataErika: Erika Iwata
MID_ED_TakedaHaruka: Haruka Takeda
MID_ED_TamuraTadafumi: Tadafumi Tamura
MID_ED_KatsurenYoshikazu: Yoshikazu Katsuren
MID_ED_TanigawaYukiya: Yukiya Tanigawa
MID_ED_ShimataniYuko: Yuko Shimatani
MID_ED_TamuraHaruki: Haruki Tamura
MID_ED_LiuShih-han: Liu Shih-han
MID_ED_ChenChien-chung: Chen Chien-chung
MID_ED_PaiHsing-hui: Pai Hsing-hui
MID_ED_KungYen-cheng: Kung Yen-cheng
MID_ED_WuChe-jui: Wu Che-jui
MID_ED_TsouYi-ju: Tsou Yi-ju
MID_ED_LiuChun-sung: Liu Chun-sung
MID_ED_YoshioIto: Yoshio Ito
MID_ED_HayatoInoe: Hayato Inoe
MID_ED_KuboArisa: Arisa Kubo
MID_ED_HideoMori: Hideo Mori
MID_ED_SupachaiTupvichian: Supachai Tupvichian
MID_ED_PanupongManowilaikul: Panupong Manowilaikul
MID_ED_VeeraSainimnoun: Veera Sainimnoun
MID_ED_ArtitVirojjanakul: Artit Virojjanakul
MID_ED_RaththeePongworapinit: Raththee Pongworapinit
MID_ED_VarinthonSongprathum: Varinthon Songprathum
MID_ED_NatenapaNumnuan: Natenapa Numnuan
MID_ED_SasawatRattanawannakul: Sasawat Rattanawannakul
MID_ED_ChittakonChiangtha: Chittakon Chiangtha
MID_ED_SasinPolitanont: Sasin Politanont
MID_ED_KengkartIssarawong: Kengkart Issarawong
MID_ED_PetchSornsiri: Petch Sornsiri
MID_ED_SiriwatThansanoi: Siriwat Thansanoi
MID_ED_ChonladaThongsuk: Chonlada Thongsuk
MID_ED_PattaraTherasan: Pattara Therasan
MID_ED_YukoTagawa: Yuko Tagawa
MID_ED_TokoYatabe: Toko Yatabe
MID_ED_gesoikuo: gesoikuo
MID_ED_MasakiNishikawa: Masaki Nishikawa
MID_ED_KenjiSaikai: Kenji Saikai
MID_ED_NatsukiWada: Natsuki Wada
MID_ED_HirokiWada: Hiroki Wada
MID_ED_RyusukeChayama: Ryusuke Chayama
MID_ED_KazuhiroManabe: Kazuhiro Manabe
MID_ED_Mayumiwada: Mayumi wada
MID_ED_KanaeNishikawa: Kanae Nishikawa
MID_ED_Thunvaphoomminaphinant: Thunvaphoom minaphinant
MID_ED_YasuhitoMurata: Yasuhito Murata
MID_ED_MoekaOguchi: Moeka Oguchi
MID_ED_YasushiTokuda: Yasushi Tokuda
MID_ED_AyakaMiyamoto: Ayaka Miyamoto
MID_ED_MaikoFujihara: Maiko Fujihara
MID_ED_NobuhideKariya: Nobuhide Kariya
MID_ED_MayumiHiraide: Mayumi Hiraide
MID_ED_ShihoOkamiya: Shiho Okamiya
MID_ED_SaekoKushima: Saeko Kushima
MID_ED_HitomiYamase: Hitomi Yamase
MID_ED_TakaakiIzumi: Takaaki Izumi
MID_ED_SatomiHatano: Satomi Hatano
MID_ED_Kotashuto: Kota shuto
MID_ED_AyakoKurome: Ayako Kurome
MID_ED_YukoAzami: Yuko Azami
MID_ED_MoeKawasaki: Moe Kawasaki
MID_ED_KyokoSekino: Kyoko Sekino
MID_ED_ShinyaTerashima: Shinya Terashima
MID_ED_TerukaTanaka: Teruka Tanaka
MID_ED_AkioShimada: Akio Shimada
MID_ED_ShuImai: Shu Imai
MID_ED_TakayukiSuzuki: Takayuki Suzuki
MID_ED_YukiIsida: Yuki Ishida
MID_ED_MisaKawakubo: Misa Kawakubo
MID_ED_RyokiMatsumura: Ryoki Matsumura
MID_ED_NaokoOsakabe: Naoko Osakabe
MID_ED_AkiraKuramoto: Akira Kuramoto
MID_ED_TakatoshiOkajima: Takatoshi Okajima
MID_ED_RyosukeInagaki: Ryosuke Inagaki
MID_ED_YukiSugitani: Yuki Sugitani
MID_ED_AyakoKamimura: Ayako Kamimura
MID_ED_HarunaTakagi: Haruna Takagi
MID_ED_ShioriAdachi: Shiori Adachi
MID_ED_YoshitomoKitamura: Yoshitomo Kitamura
MID_ED_RyoKoizumi: Ryo Koizumi
MID_ED_YiPeng: Yi Peng
MID_ED_JonghoonPark: Jonghoon Park
MID_ED_ToruInage: Toru Inage
MID_ED_YutaOgawa: Yuta Ogawa
MID_ED_ShotaroIwanaga: Shotaro Iwanaga
MID_ED_TakahiroKumasaka: Takahiro Kumasaka
MID_ED_KojiKobayashi: Koji Kobayashi
MID_ED_ShinpeiOtowa: Shinpei Otowa
MID_ED_KouichiMaruyama: Kouichi Maruyama
MID_ED_HiroshiTomita: Hiroshi Tomita
MID_ED_NobuakiTsuge: Nobuaki Tsuge
MID_ED_TetsuroYamagishi: Tetsuro Yamagishi
MID_ED_YukaSaimura: Yuka Saimura
MID_ED_ClaudiaChan: Claudia Chan
MID_ED_Nai-YuanLiang: Nai-Yuan Liang
MID_ED_NoriyukiNiwa: Noriyuki Niwa
MID_ED_TakashiYamamoto: Takashi Yamamoto
MID_ED_LiuTzu-yun: Liu Tzu-yun
MID_ED_ChihYing-Hsuan: Chih Ying-Hsuan
MID_ED_KoichiroMuroya: Koichiro Muroya
MID_ED_MasahideDenda: Masahide Denda
MID_ED_AyaIto: Aya Ito
MID_ED_ReiichiTateizumi: Reiichi Tateizumi
MID_ED_TakahiroEnokido: Takahiro Enokido
MID_ED_MasateruNishikata: Masateru Nishikata
MID_ED_Shin-ichiEguchi: Shin-ichi Eguchi
MID_ED_KenichiTsujimoto: Kenichi Tsujimoto
MID_ED_ShinsukeToriduka: Shinsuke Toriduka
MID_ED_OtohikoFujita: Otohiko Fujita
MID_ED_HideyoTakakuwa: Hideyo Takakuwa
MID_ED_SatoshiShoji: Satoshi Shoji
MID_ED_KimioYamane: Kimio Yamane
MID_ED_MasashiMaeda: Masashi Maeda
MID_ED_TamamiShiraishi: Tamami Shiraishi
MID_ED_MinakoKasahara: Minako Kasahara
MID_ED_TerumiBoku: Terumi Boku
MID_ED_HirokoKagata: Hiroko Kagata
MID_ED_MikihikoKawase: Mikihiko Kawase
MID_ED_DaiNishitani: Dai Nishitani
MID_ED_NobuhiroMinagawa: Nobuhiro Minagawa
MID_ED_TakashiKiyomi: Takashi Kiyomi
MID_ED_ShinSugie: Shin Sugie
MID_ED_TaikiShima: Taiki Shima
MID_ED_MarieKocho: Marie Kocho
MID_ED_JanisCrunch: Janis Crunch
MID_ED_HarutoshiIto: Harutoshi Ito
MID_ED_花江夏樹: 花江夏樹
MID_ED_東山奈央: 東山奈央
MID_ED_谷山紀章: 谷山紀章
MID_ED_下田レイ: 下田レイ
MID_ED_阿部敦: 阿部敦
MID_ED_北原沙弥香: 北原沙弥香
MID_ED_櫻井孝宏: 櫻井孝宏
MID_ED_神谷浩史: 神谷浩史
MID_ED_遠藤綾: 遠藤綾
MID_ED_中博史: 中博史
MID_ED_稲川英里: 稲川英里
MID_ED_佐々木拓真: 佐々木拓真
MID_ED_子安武人: 子安武人
MID_ED_佐藤拓也: 佐藤拓也
MID_ED_斎賀みつき: 斎賀みつき
MID_ED_種崎敦美: 種崎敦美
MID_ED_川田紳司: 川田紳司
MID_ED_相楽信頼: 相楽信頼
MID_ED_井上和彦: 井上和彦
MID_ED_田村奈央: 田村奈央
MID_ED_いのくちゆか: いのくちゆか
MID_ED_甲斐田裕子: 甲斐田裕子
MID_ED_梯篤司: 梯篤司
MID_ED_鈴木絵理: 鈴木絵理
MID_ED_種田梨沙: 種田梨沙
MID_ED_生天目仁美: 生天目仁美
MID_ED_村川梨衣: 村川梨衣
MID_ED_最上嗣生: 最上嗣生
MID_ED_櫻井トオル: 櫻井トオル
MID_ED_稲葉実: 稲葉実
MID_ED_堀中優希: 堀中優希
MID_ED_藤原貴弘: 藤原貴弘
MID_ED_髙橋孝治: 髙橋孝治
MID_ED_松田修平: 松田修平
MID_ED_四宮豪: 四宮豪
MID_ED_鈴木達央: 鈴木達央
MID_ED_山村響: 山村響
MID_ED_野島健児: 野島健児
MID_ED_菅生隆之: 菅生隆之
MID_ED_田久保修平: 田久保修平
MID_ED_河田吉正: 河田吉正
MID_ED_北西純子: 北西純子
MID_ED_小平有希: 小平有希
MID_ED_榊原良子: 榊原良子
MID_ED_銀河万丈: 銀河万丈
MID_ED_高口公介: 高口公介
MID_ED_清水はる香: 清水はる香
MID_ED_NikrayFarahnaz: Nikray Farahnaz
MID_ED_矢野智也: 矢野智也
MID_ED_天野宏郷: 天野宏郷
MID_ED_伊原正明: 伊原正明
MID_ED_大町知広: 大町知広
MID_ED_奥田寛章: 奥田寛章
MID_ED_田島章寛: 田島章寛
MID_ED_中村公彦: 中村公彦
MID_ED_原俊之: 原俊之
MID_ED_村上達哉: 村上達哉
MID_ED_武蔵真之介: 武蔵真之介
MID_ED_菅沼千紗: 菅沼千紗
MID_ED_長谷川暖: 長谷川暖
MID_ED_古屋由季: 古屋由季
MID_ED_永井真里子: 永井真里子
MID_ED_DML: Digital Media Lab., Inc.
MID_ED_TWOFIVE: TWOFIVE
MID_ED_CRAFTS&MEISTER: CRAFTS&MEISTER Co.,Ltd.
MID_ED_ARECT: ARECT, Inc.
MID_ED_GETSUREISHA: GETSUREISHA
MID_ED_DimensionCruise: Dimension Cruise
MID_ED_Witchcraft: Witchcraft
MID_ED_StudioO3Tokyo: Studio O3 Tokyo
MID_ED_MarioClub: Mario Club Co., Ltd.
MID_ED_DIGITALHearts: DIGITAL Hearts Co.,Ltd.
MID_ED_studiokhara: Studio Khara
MID_ED_DandelionAnimationStudio: DandelionAnimationStudio LLC.
MID_ED_BUEMON: BUEMON Inc.
MID_ED_CGCGStudio: CGCGStudio Inc.
MID_ED_d/visual: d/visual inc.
MID_ED_ALBACROW: ALBACROW
MID_ED_CreatorsinPackOSAKA: Creators in Pack OSAKA
MID_ED_CreatorsinPackTOKYO: Creators in Pack TOKYO
MID_ED_Wish: Wish.ltd
MID_ED_StudioPablo: Studio Pablo.inc
MID_ED_iQueTranslationGroup: iQue Translation Group
MID_ED_RYUTEC_CORPORATION: RYUTEC CORPORATION
MID_ED_Snowdrop: Snowdrop
MID_ED_FIRE_EMBLEM_Echoes_もうひとりの英雄王: FIRE EMBLEM Echoes もうひとりの英雄王
MID_ED_EndingTheme: Ending Theme  「アルカディアの継ぎびと」
MID_ED_Violin: Violin
MID_ED_Viola: Viola
MID_ED_Cello: Cello
MID_ED_Trumpet: Trumpet
MID_ED_Trombone: Trombone
MID_ED_Horn: Horn
MID_ED_Flute&EthnicWhistles: Flute & Ethnic Whistles
MID_ED_Oboe: Oboe
MID_ED_Clarinet: Clarinet
MID_ED_Fagotto: Fagotto
MID_ED_Chorus: Chorus
MID_ED_Vocal: Vocal
MID_ED_Guitar: Guitar
MID_ED_Recording&MixingEngineer: Recording & Mixing Engineer
MID_ED_MusicianCoordinator: Musician Coordinator
MID_ED_RecordingOperator: Recording Operator
MID_ED_MasteringEngineer: Mastering Engineer
MID_ED_RecordingStudio: Recording Studio
MID_ED_ナレーション: ナレーション
MID_ED_CastingSupport: CastingSupport
MID_ED_RecordingDirectors: Recording Directors
MID_ED_RecordingEngineer: Recording Engineer
MID_ED_VoiceEditors: Voice Editors
MID_ED_AssistantDirector: Assistant Director
MID_ED_Vocal2: Vocal
MID_ED_Lyrics: Lyrics
MID_ED_Music: Music
MID_ED_DimensionCruiseStudio: Dimension Cruise Studio
MID_ED_copyright0: Nintendo and INTELLIGENT SYSTEMS
MID_ED_copyright1: are the authors of this software for the
MID_ED_copyright2: purpose of copyright. All rights reserved.
MID_ED_copyright3: ©2017 Nintendo / INTELLIGENT SYSTEMS
MID_ED_幼少グレイ: 幼少グレイ
MID_ED_幼少ロビン: 幼少ロビン
MID_ED_幼少コンラート: 幼少コンラート
MID_ED_FullMotionVideoCreation: Full Motion Video Creation
